Workbook

Sheet Rainfall Data
A1: Site Reference Number | B1: SN25
A2: Site Name | B2: Fadugu Agricultural College
A3: Latitude | B3: 9.4029
A4: Longitude | B4: -11.77276
A5: Elevation (mASL) | B5: 302 | C5: m above sea level
A6: Type of Data | B6: Rainfall Data
A7: Data Collection | B7: Community (School)
A8: Origin | B8: Sierra Leone Ministry of Water Resources, Water Supply Division
A9: Ownership | B9: Sierra Leone Ministry of Water Resources
A10: Other Details | B10: Water Security Project, 2012 to 2015
A11: Web Site | B11: www.salonewatersecurity.com
A12: Start of Data Record | B12: =+MIN(A:A)-1 -> 41759.375
A13: End of Data Record | B13: =+MAX(A:A)-1 -> 42642.375
A14: Number of Data Records | B14: =+COUNT(A:A) -> 884
A15: Data Notes | B15: nd = no data; T = Trace (<0.5mm)
A17: Date of Measurement (at 9am) | B17: Official Record Date (Preceding Day) | C17: Daily Rainfall
C18: mm
A19: 41760.375 | B19: 41759 | C19: 0
A20: 41761.375 | B20: 41760 | C20: 0
A21: 41762.375 | B21: 41761 | C21: 0
A22: 41763.375 | B22: 41762 | C22: 0
A23: 41764.375 | B23: 41763 | C23: 0
A24: 41765.375 | B24: 41764 | C24: 0
A25: 41766.375 | B25: 41765 | C25: 0
A26: 41767.375 | B26: 41766 | C26: 0
A27: 41768.375 | B27: 41767 | C27: 0
A28: 41769.375 | B28: 41768 | C28: 0
A29: 41770.375 | B29: 41769 | C29: 0
A30: 41771.375 | B30: 41770 | C30: 0
... A49: 41790.375 | B49: 41789 | C49: 1
A50: 41791.375 | B50: 41790 | C50: T
A51: 41792.375 | B51: 41791 | C51: 0
A52: 41793.375 | B52: 41792 | C52: 0
A53: 41794.375 | B53: 41793 | C53: 46
A54: 41795.375 | B54: 41794 | C54: 21
A55: 41796.375 | B55: 41795 | C55: 31
A56: 41797.375 | B56: 41796 | C56: 29
A57: 41798.375 | B57: 41797 | C57: 0
A58: 41799.375 | B58: 41798 | C58: 0
A59: 41800.375 | B59: 41799 | C59: 0
A60: 41801.375 | B60: 41800 | C60: 0
A61: 41802.375 | B61: 41801 | C61: 0
A62: 41803.375 | B62: 41802 | C62: 24
... A68: 41809.375 | B68: 41808 | C68: 4
A69: 41810.375 | B69: 41809 | C69: T
A70: 41811.375 | B70: 41810 | C70: 0
A71: 41812.375 | B71: 41811 | C71: 22
A72: 41813.375 | B72: 41812 | C72: 0
A73: 41814.375 | B73: 41813 | C73: T
A74: 41815.375 | B74: 41814 | C74: 18
A75: 41816.375 | B75: 41815 | C75: 8
A76: 41817.375 | B76: 41816 | C76: 7
A77: 41818.375 | B77: 41817 | C77: 7
A78: 41819.375 | B78: 41818 | C78: 6.5
A79: 41820.375 | B79: 41819 | C79: 3
A80: 41821.375 | B80: 41820 | C80: 55
A81: 41822.375 | B81: 41821 | C81: 21
A82: 41823.375 | B82: 41822 | C82: 11
A83: 41824.375 | B83: 41823 | C83: 8
A84: 41825.375 | B84: 41824 | C84: 7
A85: 41826.375 | B85: 41825 | C85: 11
A86: 41827.375 | B86: 41826 | C86: T
A87: 41828.375 | B87: 41827 | C87: 7
A88: 41829.375 | B88: 41828 | C88: T
A89: 41830.375 | B89: 41829 | C89: 0
A90: 41831.375 | B90: 41830 | C90: 6
A91: 41832.375 | B91: 41831 | C91: 23
A92: 41833.375 | B92: 41832 | C92: 4
A93: 41834.375 | B93: 41833 | C93: 24
A94: 41835.375 | B94: 41834 | C94: 6
A95: 41836.375 | B95: 41835 | C95: T
A96: 41837.375 | B96: 41836 | C96: 30
A97: 41838.375 | B97: 41837 | C97: T
A98: 41839.375 | B98: 41838 | C98: 6
A99: 41840.375 | B99: 41839 | C99: 5
A100: 41841.375 | B100: 41840 | C100: T
A101: 41842.375 | B101: 41841 | C101: 15
A102: 41843.375 | B102: 41842 | C102: T
A103: 41844.375 | B103: 41843 | C103: 13
A104: 41845.375 | B104: 41844 | C104: 12
A105: 41846.375 | B105: 41845 | C105: T
A106: 41847.375 | B106: 41846 | C106: 30
A107: 41848.375 | B107: 41847 | C107: 12
A108: 41849.375 | B108: 41848 | C108: 3
A109: 41850.375 | B109: 41849 | C109: 2
A110: 41851.375 | B110: 41850 | C110: 0
A111: 41852.375 | B111: 41851 | C111: 49
A112: 41853.375 | B112: 41852 | C112: 29
A113: 41854.375 | B113: 41853 | C113: 6
A114: 41855.375 | B114: 41854 | C114: 10.5
A115: 41856.375 | B115: 41855 | C115: 14
A116: 41857.375 | B116: 41856 | C116: T
A117: 41858.375 | B117: 41857 | C117: 3
A118: 41859.375 | B118: 41858 | C118: 0
A119: 41860.375 | B119: 41859 | C119: 62
A120: 41861.375 | B120: 41860 | C120: 39
A121: 41862.375 | B121: 41861 | C121: 5
A122: 41863.375 | B122: 41862 | C122: 7
A123: 41864.375 | B123: 41863 | C123: 5
A124: 41865.375 | B124: 41864 | C124: 19.5
...

Sheet Rainfall Totals
A1: Site Reference Number | B1: =+'Rainfall Data'!B1 -> SN25
A2: Site Name | B2: =+'Rainfall Data'!B2 -> Fadugu Agricultural College
A3: Latitude | B3: =+'Rainfall Data'!B3 -> 9.4029
A4: Longitude | B4: =+'Rainfall Data'!B4 -> -11.77276
A5: Elevation (mASL) | B5: =+'Rainfall Data'!B5 -> 302 | C5: =+'Rainfall Data'!C5 -> m above sea level
A6: Type of Data | B6: =+'Rainfall Data'!B6 -> Rainfall Data
A7: Data Collection | B7: =+'Rainfall Data'!B7 -> Community (School)
A8: Origin | B8: =+'Rainfall Data'!B8 -> Sierra Leone Ministry of Water Resources, Water Supply Division
A9: Ownership | B9: =+'Rainfall Data'!B9 -> Sierra Leone Ministry of Water Resources
A10: Other Details | B10: =+'Rainfall Data'!B10 -> Water Security Project, 2012 to 2015
A11: Web Site | B11: =+'Rainfall Data'!B11 -> www.salonewatersecurity.com
A12: Start of Data Record | B12: =+MIN(A:A) -> 41759
A13: End of Data Record | B13: =+MAX(A:A) -> 42642
A14: Number of Data Records | B14: =+COUNT(A:A) -> 884
A15: Data Notes | B15: =+'Rainfall Data'!B15 -> nd = no data; T = Trace (<0.5mm)
A17: Daily and Cumulative Rainfall (mm) | F17: Monthly Rainfall (mm) | M17: Annual Rainfall (mm)
A18: Official Record Date (Preceding Day) | B18: Daily Rainfall | C18: Cumulative Rainfall | D18: Year/Month | F18: Month | G18: Monthly Rainfall | H18: Cumulative | I18: Year | J18: Year/Month | K18: Incomplete Data | M18: Year | N18: Annual Rainfall | O18: Incomplete Data | P18: Notes
B19: mm | C19: mm | G19: mm | H19: mm | N19: mm
A20: =+'Rainfall Data'!B19 -> 41759 | B20: =+'Rainfall Data'!C19 -> 0 | C20: =IF(B20="nd",0, IF(B20="T",0,B20)) -> 0 | D20: =+YEAR(A20)*1000+MONTH(A20) -> 2014004 | F20: 41640 | I20: =+YEAR(F20) -> 2014 | J20: =+YEAR(F20)*1000+MONTH(F20) -> 2014001 | M20: 2014 | N20: =SUMIF($I$20:$I$111,M20,$G$20:$G$111) -> 1732.1 | O20: * | P20: May onwards
A21: =+'Rainfall Data'!B20 -> 41760 | B21: =+'Rainfall Data'!C20 -> 0 | C21: =IF(B21="nd",0, IF(B21="T",0,B21))+C20 -> 0 | D21: =+YEAR(A21)*1000+MONTH(A21) -> 2014005 | F21: 41671 | I21: =+YEAR(F21) -> 2014 | J21: =+YEAR(F21)*1000+MONTH(F21) -> 2014002 | M21: 2015 | N21: =SUMIF($I$20:$I$111,M21,$G$20:$G$111) -> 1884 | O21: * | P21: nd: Jul, Dec
A22: =+'Rainfall Data'!B21 -> 41761 | B22: =+'Rainfall Data'!C21 -> 0 | C22: =IF(B22="nd",0, IF(B22="T",0,B22))+C21 -> 0 | D22: =+YEAR(A22)*1000+MONTH(A22) -> 2014005 | F22: 41699 | I22: =+YEAR(F22) -> 2014 | J22: =+YEAR(F22)*1000+MONTH(F22) -> 2014003 | M22: 2016 | N22: =SUMIF($I$20:$I$111,M22,$G$20:$G$111) -> 1121.4 | O22: * | P22: nd: Feb, Mar, Apr
A23: =+'Rainfall Data'!B22 -> 41762 | B23: =+'Rainfall Data'!C22 -> 0 | C23: =IF(B23="nd",0, IF(B23="T",0,B23))+C22 -> 0 | D23: =+YEAR(A23)*1000+MONTH(A23) -> 2014005 | F23: 41730 | I23: =+YEAR(F23) -> 2014 | J23: =+YEAR(F23)*1000+MONTH(F23) -> 2014004
A24: =+'Rainfall Data'!B23 -> 41763 | B24: =+'Rainfall Data'!C23 -> 0 | C24: =IF(B24="nd",0, IF(B24="T",0,B24))+C23 -> 0 | D24: =+YEAR(A24)*1000+MONTH(A24) -> 2014005 | F24: 41760 | G24: =SUMIF($D$20:$D$10011,J24,$B$20:$B$10011) -> 123.6 | H24: =IF(G24="nd",0, IF(G24="T",0,G24))+H23 -> 123.6 | I24: =+YEAR(F24) -> 2014 | J24: =+YEAR(F24)*1000+MONTH(F24) -> 2014005
A25: =+'Rainfall Data'!B24 -> 41764 | B25: =+'Rainfall Data'!C24 -> 0 | C25: =IF(B25="nd",0, IF(B25="T",0,B25))+C24 -> 0 | D25: =+YEAR(A25)*1000+MONTH(A25) -> 2014005 | F25: 41791 | G25: =SUMIF($D$20:$D$10011,J25,$B$20:$B$10011) -> 303 | H25: =IF(G25="nd",0, IF(G25="T",0,G25))+H24 -> 426.6 | I25: =+YEAR(F25) -> 2014 | J25: =+YEAR(F25)*1000+MONTH(F25) -> 2014006
A26: =+'Rainfall Data'!B25 -> 41765 | B26: =+'Rainfall Data'!C25 -> 0 | C26: =IF(B26="nd",0, IF(B26="T",0,B26))+C25 -> 0 | D26: =+YEAR(A26)*1000+MONTH(A26) -> 2014005 | F26: 41821 | G26: =SUMIF($D$20:$D$10011,J26,$B$20:$B$10011) -> 305 | H26: =IF(G26="nd",0, IF(G26="T",0,G26))+H25 -> 731.6 | I26: =+YEAR(F26) -> 2014 | J26: =+YEAR(F26)*1000+MONTH(F26) -> 2014007
A27: =+'Rainfall Data'!B26 -> 41766 | B27: =+'Rainfall Data'!C26 -> 0 | C27: =IF(B27="nd",0, IF(B27="T",0,B27))+C26 -> 0 | D27: =+YEAR(A27)*1000+MONTH(A27) -> 2014005 | F27: 41852 | G27: =SUMIF($D$20:$D$10011,J27,$B$20:$B$10011) -> 411.5 | H27: =IF(G27="nd",0, IF(G27="T",0,G27))+H26 -> 1143.1 | I27: =+YEAR(F27) -> 2014 | J27: =+YEAR(F27)*1000+MONTH(F27) -> 2014008
A28: =+'Rainfall Data'!B27 -> 41767 | B28: =+'Rainfall Data'!C27 -> 0 | C28: =IF(B28="nd",0, IF(B28="T",0,B28))+C27 -> 0 | D28: =+YEAR(A28)*1000+MONTH(A28) -> 2014005 | F28: 41883 | G28: =SUMIF($D$20:$D$10011,J28,$B$20:$B$10011) -> 298 | H28: =IF(G28="nd",0, IF(G28="T",0,G28))+H27 -> 1441.1 | I28: =+YEAR(F28) -> 2014 | J28: =+YEAR(F28)*1000+MONTH(F28) -> 2014009
A29: =+'Rainfall Data'!B28 -> 41768 | B29: =+'Rainfall Data'!C28 -> 0 | C29: =IF(B29="nd",0, IF(B29="T",0,B29))+C28 -> 0 | D29: =+YEAR(A29)*1000+MONTH(A29) -> 2014005 | F29: 41913 | G29: =SUMIF($D$20:$D$10011,J29,$B$20:$B$10011) -> 217 | H29: =IF(G29="nd",0, IF(G29="T",0,G29))+H28 -> 1658.1 | I29: =+YEAR(F29) -> 2014 | J29: =+YEAR(F29)*1000+MONTH(F29) -> 2014010
A30: =+'Rainfall Data'!B29 -> 41769 | B30: =+'Rainfall Data'!C29 -> 0 | C30: =IF(B30="nd",0, IF(B30="T",0,B30))+C29 -> 0 | D30: =+YEAR(A30)*1000+MONTH(A30) -> 2014005 | F30: 41944 | G30: =SUMIF($D$20:$D$10011,J30,$B$20:$B$10011) -> 74 | H30: =IF(G30="nd",0, IF(G30="T",0,G30))+H29 -> 1732.1 | I30: =+YEAR(F30) -> 2014 | J30: =+YEAR(F30)*1000+MONTH(F30) -> 2014011
A31: =+'Rainfall Data'!B30 -> 41770 | B31: =+'Rainfall Data'!C30 -> 0 | C31: =IF(B31="nd",0, IF(B31="T",0,B31))+C30 -> 0 | D31: =+YEAR(A31)*1000+MONTH(A31) -> 2014005 | F31: 41974 | G31: =SUMIF($D$20:$D$10011,J31,$B$20:$B$10011) -> 0 | H31: =IF(G31="nd",0, IF(G31="T",0,G31))+H30 -> 1732.1 | I31: =+YEAR(F31) -> 2014 | J31: =+YEAR(F31)*1000+MONTH(F31) -> 2014012
A32: =+'Rainfall Data'!B31 -> 41771 | B32: =+'Rainfall Data'!C31 -> 0 | C32: =IF(B32="nd",0, IF(B32="T",0,B32))+C31 -> 0 | D32: =+YEAR(A32)*1000+MONTH(A32) -> 2014005 | F32: 42005 | G32: =SUMIF($D$20:$D$10011,J32,$B$20:$B$10011) -> 0 | H32: =IF(G32="nd",0, IF(G32="T",0,G32)) -> 0 | I32: =+YEAR(F32) -> 2015 | J32: =+YEAR(F32)*1000+MONTH(F32) -> 2015001
A33: =+'Rainfall Data'!B32 -> 41772 | B33: =+'Rainfall Data'!C32 -> 0 | C33: =IF(B33="nd",0, IF(B33="T",0,B33))+C32 -> 0 | D33: =+YEAR(A33)*1000+MONTH(A33) -> 2014005 | F33: 42036 | G33: =SUMIF($D$20:$D$10011,J33,$B$20:$B$10011) -> 0 | H33: =IF(G33="nd",0, IF(G33="T",0,G33))+H32 -> 0 | I33: =+YEAR(F33) -> 2015 | J33: =+YEAR(F33)*1000+MONTH(F33) -> 2015002
A34: =+'Rainfall Data'!B33 -> 41773 | B34: =+'Rainfall Data'!C33 -> 0 | C34: =IF(B34="nd",0, IF(B34="T",0,B34))+C33 -> 0 | D34: =+YEAR(A34)*1000+MONTH(A34) -> 2014005 | F34: 42064 | G34: =SUMIF($D$20:$D$10011,J34,$B$20:$B$10011) -> 8.5 | H34: =IF(G34="nd",0, IF(G34="T",0,G34))+H33 -> 8.5 | I34: =+YEAR(F34) -> 2015 | J34: =+YEAR(F34)*1000+MONTH(F34) -> 2015003
A35: =+'Rainfall Data'!B34 -> 41774 | B35: =+'Rainfall Data'!C34 -> 0 | C35: =IF(B35="nd",0, IF(B35="T",0,B35))+C34 -> 0 | D35: =+YEAR(A35)*1000+MONTH(A35) -> 2014005 | F35: 42095 | G35: =SUMIF($D$20:$D$10011,J35,$B$20:$B$10011) -> 33.9 | H35: =IF(G35="nd",0, IF(G35="T",0,G35))+H34 -> 42.4 | I35: =+YEAR(F35) -> 2015 | J35: =+YEAR(F35)*1000+MONTH(F35) -> 2015004
A36: =+'Rainfall Data'!B35 -> 41775 | B36: =+'Rainfall Data'!C35 -> 25 | C36: =IF(B36="nd",0, IF(B36="T",0,B36))+C35 -> 25 | D36: =+YEAR(A36)*1000+MONTH(A36) -> 2014005 | F36: 42125 | G36: =SUMIF($D$20:$D$10011,J36,$B$20:$B$10011) -> 234.7 | H36: =IF(G36="nd",0, IF(G36="T",0,G36))+H35 -> 277.1 | I36: =+YEAR(F36) -> 2015 | J36: =+YEAR(F36)*1000+MONTH(F36) -> 2015005
A37: =+'Rainfall Data'!B36 -> 41776 | B37: =+'Rainfall Data'!C36 -> 31.5 | C37: =IF(B37="nd",0, IF(B37="T",0,B37))+C36 -> 56.5 | D37: =+YEAR(A37)*1000+MONTH(A37) -> 2014005 | F37: 42156 | G37: =SUMIF($D$20:$D$10011,J37,$B$20:$B$10011) -> 305.9 | H37: =IF(G37="nd",0, IF(G37="T",0,G37))+H36 -> 583 | I37: =+YEAR(F37) -> 2015 | J37: =+YEAR(F37)*1000+MONTH(F37) -> 2015006
A38: =+'Rainfall Data'!B37 -> 41777 | B38: =+'Rainfall Data'!C37 -> 0 | C38: =IF(B38="nd",0, IF(B38="T",0,B38))+C37 -> 56.5 | D38: =+YEAR(A38)*1000+MONTH(A38) -> 2014005 | F38: 42186 | G38: =SUMIF($D$20:$D$10011,J38,$B$20:$B$10011) -> 4.5 | H38: =IF(G38="nd",0, IF(G38="T",0,G38))+H37 -> 587.5 | I38: =+YEAR(F38) -> 2015 | J38: =+YEAR(F38)*1000+MONTH(F38) -> 2015007 | K38: *
A39: =+'Rainfall Data'!B38 -> 41778 | B39: =+'Rainfall Data'!C38 -> 0 | C39: =IF(B39="nd",0, IF(B39="T",0,B39))+C38 -> 56.5 | D39: =+YEAR(A39)*1000+MONTH(A39) -> 2014005 | F39: 42217 | G39: =SUMIF($D$20:$D$10011,J39,$B$20:$B$10011) -> 372.9 | H39: =IF(G39="nd",0, IF(G39="T",0,G39))+H38 -> 960.4 | I39: =+YEAR(F39) -> 2015 | J39: =+YEAR(F39)*1000+MONTH(F39) -> 2015008
A40: =+'Rainfall Data'!B39 -> 41779 | B40: =+'Rainfall Data'!C39 -> 12 | C40: =IF(B40="nd",0, IF(B40="T",0,B40))+C39 -> 68.5 | D40: =+YEAR(A40)*1000+MONTH(A40) -> 2014005 | F40: 42248 | G40: =SUMIF($D$20:$D$10011,J40,$B$20:$B$10011) -> 382.8 | H40: =IF(G40="nd",0, IF(G40="T",0,G40))+H39 -> 1343.2 | I40: =+YEAR(F40) -> 2015 | J40: =+YEAR(F40)*1000+MONTH(F40) -> 2015009
A41: =+'Rainfall Data'!B40 -> 41780 | B41: =+'Rainfall Data'!C40 -> 0 | C41: =IF(B41="nd",0, IF(B41="T",0,B41))+C40 -> 68.5 | D41: =+YEAR(A41)*1000+MONTH(A41) -> 2014005 | F41: 42278 | G41: =SUMIF($D$20:$D$10011,J41,$B$20:$B$10011) -> 397.4 | H41: =IF(G41="nd",0, IF(G41="T",0,G41))+H40 -> 1740.6 | I41: =+YEAR(F41) -> 2015 | J41: =+YEAR(F41)*1000+MONTH(F41) -> 2015010
A42: =+'Rainfall Data'!B41 -> 41781 | B42: =+'Rainfall Data'!C41 -> 23 | C42: =IF(B42="nd",0, IF(B42="T",0,B42))+C41 -> 91.5 | D42: =+YEAR(A42)*1000+MONTH(A42) -> 2014005 | F42: 42309 | G42: =SUMIF($D$20:$D$10011,J42,$B$20:$B$10011) -> 143.4 | H42: =IF(G42="nd",0, IF(G42="T",0,G42))+H41 -> 1884 | I42: =+YEAR(F42) -> 2015 | J42: =+YEAR(F42)*1000+MONTH(F42) -> 2015011
A43: =+'Rainfall Data'!B42 -> 41782 | B43: =+'Rainfall Data'!C42 -> 12.5 | C43: =IF(B43="nd",0, IF(B43="T",0,B43))+C42 -> 104 | D43: =+YEAR(A43)*1000+MONTH(A43) -> 2014005 | F43: 42339 | G43: =SUMIF($D$20:$D$10011,J43,$B$20:$B$10011) -> 0 | H43: =IF(G43="nd",0, IF(G43="T",0,G43))+H42 -> 1884 | I43: =+YEAR(F43) -> 2015 | J43: =+YEAR(F43)*1000+MONTH(F43) -> 2015012 | K43: *
A44: =+'Rainfall Data'!B43 -> 41783 | B44: =+'Rainfall Data'!C43 -> 12.6 | C44: =IF(B44="nd",0, IF(B44="T",0,B44))+C43 -> 116.6 | D44: =+YEAR(A44)*1000+MONTH(A44) -> 2014005 | F44: 42370 | G44: =SUMIF($D$20:$D$10011,J44,$B$20:$B$10011) -> 13.6 | H44: =IF(G44="nd",0, IF(G44="T",0,G44)) -> 13.6 | I44: =+YEAR(F44) -> 2016 | J44: =+YEAR(F44)*1000+MONTH(F44) -> 2016001
A45: =+'Rainfall Data'!B44 -> 41784 | B45: =+'Rainfall Data'!C44 -> 6 | C45: =IF(B45="nd",0, IF(B45="T",0,B45))+C44 -> 122.6 | D45: =+YEAR(A45)*1000+MONTH(A45) -> 2014005 | F45: 42401 | G45: =SUMIF($D$20:$D$10011,J45,$B$20:$B$10011) -> 0 | H45: =IF(G45="nd",0, IF(G45="T",0,G45))+H44 -> 13.6 | I45: =+YEAR(F45) -> 2016 | J45: =+YEAR(F45)*1000+MONTH(F45) -> 2016002 | K45: *
A46: =+'Rainfall Data'!B45 -> 41785 | B46: =+'Rainfall Data'!C45 -> 0 | C46: =IF(B46="nd",0, IF(B46="T",0,B46))+C45 -> 122.6 | D46: =+YEAR(A46)*1000+MONTH(A46) -> 2014005 | F46: 42430 | G46: =SUMIF($D$20:$D$10011,J46,$B$20:$B$10011) -> 0 | H46: =IF(G46="nd",0, IF(G46="T",0,G46))+H45 -> 13.6 | I46: =+YEAR(F46) -> 2016 | J46: =+YEAR(F46)*1000+MONTH(F46) -> 2016003 | K46: *
A47: =+'Rainfall Data'!B46 -> 41786 | B47: =+'Rainfall Data'!C46 -> 0 | C47: =IF(B47="nd",0, IF(B47="T",0,B47))+C46 -> 122.6 | D47: =+YEAR(A47)*1000+MONTH(A47) -> 2014005 | F47: 42461 | G47: =SUMIF($D$20:$D$10011,J47,$B$20:$B$10011) -> 0 | H47: =IF(G47="nd",0, IF(G47="T",0,G47))+H46 -> 13.6 | I47: =+YEAR(F47) -> 2016 | J47: =+YEAR(F47)*1000+MONTH(F47) -> 2016004 | K47: *
A48: =+'Rainfall Data'!B47 -> 41787 | B48: =+'Rainfall Data'!C47 -> 0 | C48: =IF(B48="nd",0, IF(B48="T",0,B48))+C47 -> 122.6 | D48: =+YEAR(A48)*1000+MONTH(A48) -> 2014005 | F48: 42491 | G48: =SUMIF($D$20:$D$10011,J48,$B$20:$B$10011) -> 12 | H48: =IF(G48="nd",0, IF(G48="T",0,G48))+H47 -> 25.6 | I48: =+YEAR(F48) -> 2016 | J48: =+YEAR(F48)*1000+MONTH(F48) -> 2016005
A49: =+'Rainfall Data'!B48 -> 41788 | B49: =+'Rainfall Data'!C48 -> 0 | C49: =IF(B49="nd",0, IF(B49="T",0,B49))+C48 -> 122.6 | D49: =+YEAR(A49)*1000+MONTH(A49) -> 2014005 | F49: 42522 | G49: =SUMIF($D$20:$D$10011,J49,$B$20:$B$10011) -> 307.3 | H49: =IF(G49="nd",0, IF(G49="T",0,G49))+H48 -> 332.9 | I49: =+YEAR(F49) -> 2016 | J49: =+YEAR(F49)*1000+MONTH(F49) -> 2016006
A50: =+'Rainfall Data'!B49 -> 41789 | B50: =+'Rainfall Data'!C49 -> 1 | C50: =IF(B50="nd",0, IF(B50="T",0,B50))+C49 -> 123.6 | D50: =+YEAR(A50)*1000+MONTH(A50) -> 2014005 | F50: 42552 | G50: =SUMIF($D$20:$D$10011,J50,$B$20:$B$10011) -> 267.9 | H50: =IF(G50="nd",0, IF(G50="T",0,G50))+H49 -> 600.8 | I50: =+YEAR(F50) -> 2016 | J50: =+YEAR(F50)*1000+MONTH(F50) -> 2016007
A51: =+'Rainfall Data'!B50 -> 41790 | B51: =+'Rainfall Data'!C50 -> T | C51: =IF(B51="nd",0, IF(B51="T",0,B51))+C50 -> 123.6 | D51: =+YEAR(A51)*1000+MONTH(A51) -> 2014005 | F51: 42583 | G51: =SUMIF($D$20:$D$10011,J51,$B$20:$B$10011) -> 226.7 | H51: =IF(G51="nd",0, IF(G51="T",0,G51))+H50 -> 827.5 | I51: =+YEAR(F51) -> 2016 | J51: =+YEAR(F51)*1000+MONTH(F51) -> 2016008
A52: =+'Rainfall Data'!B51 -> 41791 | B52: =+'Rainfall Data'!C51 -> 0 | C52: =IF(B52="nd",0, IF(B52="T",0,B52))+C51 -> 123.6 | D52: =+YEAR(A52)*1000+MONTH(A52) -> 2014006 | F52: 42614 | G52: =SUMIF($D$20:$D$10011,J52,$B$20:$B$10011) -> 293.9 | H52: =IF(G52="nd",0, IF(G52="T",0,G52))+H51 -> 1121.4 | I52: =+YEAR(F52) -> 2016 | J52: =+YEAR(F52)*1000+MONTH(F52) -> 2016009
A53: =+'Rainfall Data'!B52 -> 41792 | B53: =+'Rainfall Data'!C52 -> 0 | C53: =IF(B53="nd",0, IF(B53="T",0,B53))+C52 -> 123.6 | D53: =+YEAR(A53)*1000+MONTH(A53) -> 2014006
A54: =+'Rainfall Data'!B53 -> 41793 | B54: =+'Rainfall Data'!C53 -> 46 | C54: =IF(B54="nd",0, IF(B54="T",0,B54))+C53 -> 169.6 | D54: =+YEAR(A54)*1000+MONTH(A54) -> 2014006
A55: =+'Rainfall Data'!B54 -> 41794 | B55: =+'Rainfall Data'!C54 -> 21 | C55: =IF(B55="nd",0, IF(B55="T",0,B55))+C54 -> 190.6 | D55: =+YEAR(A55)*1000+MONTH(A55) -> 2014006
A56: =+'Rainfall Data'!B55 -> 41795 | B56: =+'Rainfall Data'!C55 -> 31 | C56: =IF(B56="nd",0, IF(B56="T",0,B56))+C55 -> 221.6 | D56: =+YEAR(A56)*1000+MONTH(A56) -> 2014006
A57: =+'Rainfall Data'!B56 -> 41796 | B57: =+'Rainfall Data'!C56 -> 29 | C57: =IF(B57="nd",0, IF(B57="T",0,B57))+C56 -> 250.6 | D57: =+YEAR(A57)*1000+MONTH(A57) -> 2014006
A58: =+'Rainfall Data'!B57 -> 41797 | B58: =+'Rainfall Data'!C57 -> 0 | C58: =IF(B58="nd",0, IF(B58="T",0,B58))+C57 -> 250.6 | D58: =+YEAR(A58)*1000+MONTH(A58) -> 2014006
A59: =+'Rainfall Data'!B58 -> 41798 | B59: =+'Rainfall Data'!C58 -> 0 | C59: =IF(B59="nd",0, IF(B59="T",0,B59))+C58 -> 250.6 | D59: =+YEAR(A59)*1000+MONTH(A59) -> 2014006
A60: =+'Rainfall Data'!B59 -> 41799 | B60: =+'Rainfall Data'!C59 -> 0 | C60: =IF(B60="nd",0, IF(B60="T",0,B60))+C59 -> 250.6 | D60: =+YEAR(A60)*1000+MONTH(A60) -> 2014006
A61: =+'Rainfall Data'!B60 -> 41800 | B61: =+'Rainfall Data'!C60 -> 0 | C61: =IF(B61="nd",0, IF(B61="T",0,B61))+C60 -> 250.6 | D61: =+YEAR(A61)*1000+MONTH(A61) -> 2014006
A62: =+'Rainfall Data'!B61 -> 41801 | B62: =+'Rainfall Data'!C61 -> 0 | C62: =IF(B62="nd",0, IF(B62="T",0,B62))+C61 -> 250.6 | D62: =+YEAR(A62)*1000+MONTH(A62) -> 2014006
A63: =+'Rainfall Data'!B62 -> 41802 | B63: =+'Rainfall Data'!C62 -> 24 | C63: =IF(B63="nd",0, IF(B63="T",0,B63))+C62 -> 274.6 | D63: =+YEAR(A63)*1000+MONTH(A63) -> 2014006
A64: =+'Rainfall Data'!B63 -> 41803 | B64: =+'Rainfall Data'!C63 -> 3 | C64: =IF(B64="nd",0, IF(B64="T",0,B64))+C63 -> 277.6 | D64: =+YEAR(A64)*1000+MONTH(A64) -> 2014006
... A265: =+'Rainfall Data'!B264 -> 42004 | B265: =+'Rainfall Data'!C264 -> 0 | C265: =IF(B265="nd",0, IF(B265="T",0,B265))+C264 -> 1732.1 | D265: =+YEAR(A265)*1000+MONTH(A265) -> 2014012
A266: =+'Rainfall Data'!B265 -> 42005 | B266: =+'Rainfall Data'!C265 -> 0 | C266: =IF(B266="nd",0, IF(B266="T",0,B266)) -> 0 | D266: =+YEAR(A266)*1000+MONTH(A266) -> 2015001
A267: =+'Rainfall Data'!B266 -> 42006 | B267: =+'Rainfall Data'!C266 -> 0 | C267: =IF(B267="nd",0, IF(B267="T",0,B267))+C266 -> 0 | D267: =+YEAR(A267)*1000+MONTH(A267) -> 2015001
A268: =+'Rainfall Data'!B267 -> 42007 | B268: =+'Rainfall Data'!C267 -> 0 | C268: =IF(B268="nd",0, IF(B268="T",0,B268))+C267 -> 0 | D268: =+YEAR(A268)*1000+MONTH(A268) -> 2015001
A269: =+'Rainfall Data'!B268 -> 42008 | B269: =+'Rainfall Data'!C268 -> 0 | C269: =IF(B269="nd",0, IF(B269="T",0,B269))+C268 -> 0 | D269: =+YEAR(A269)*1000+MONTH(A269) -> 2015001
A270: =+'Rainfall Data'!B269 -> 42009 | B270: =+'Rainfall Data'!C269 -> 0 | C270: =IF(B270="nd",0, IF(B270="T",0,B270))+C269 -> 0 | D270: =+YEAR(A270)*1000+MONTH(A270) -> 2015001
A271: =+'Rainfall Data'!B270 -> 42010 | B271: =+'Rainfall Data'!C270 -> 0 | C271: =IF(B271="nd",0, IF(B271="T",0,B271))+C270 -> 0 | D271: =+YEAR(A271)*1000+MONTH(A271) -> 2015001
A272: =+'Rainfall Data'!B271 -> 42011 | B272: =+'Rainfall Data'!C271 -> 0 | C272: =IF(B272="nd",0, IF(B272="T",0,B272))+C271 -> 0 | D272: =+YEAR(A272)*1000+MONTH(A272) -> 2015001
A273: =+'Rainfall Data'!B272 -> 42012 | B273: =+'Rainfall Data'!C272 -> 0 | C273: =IF(B273="nd",0, IF(B273="T",0,B273))+C272 -> 0 | D273: =+YEAR(A273)*1000+MONTH(A273) -> 2015001
A274: =+'Rainfall Data'!B273 -> 42013 | B274: =+'Rainfall Data'!C273 -> 0 | C274: =IF(B274="nd",0, IF(B274="T",0,B274))+C273 -> 0 | D274: =+YEAR(A274)*1000+MONTH(A274) -> 2015001
A275: =+'Rainfall Data'!B274 -> 42014 | B275: =+'Rainfall Data'!C274 -> 0 | C275: =IF(B275="nd",0, IF(B275="T",0,B275))+C274 -> 0 | D275: =+YEAR(A275)*1000+MONTH(A275) -> 2015001
A276: =+'Rainfall Data'!B275 -> 42015 | B276: =+'Rainfall Data'!C275 -> 0 | C276: =IF(B276="nd",0, IF(B276="T",0,B276))+C275 -> 0 | D276: =+YEAR(A276)*1000+MONTH(A276) -> 2015001
A277: =+'Rainfall Data'!B276 -> 42016 | B277: =+'Rainfall Data'!C276 -> 0 | C277: =IF(B277="nd",0, IF(B277="T",0,B277))+C276 -> 0 | D277: =+YEAR(A277)*1000+MONTH(A277) -> 2015001
A278: =+'Rainfall Data'!B277 -> 42017 | B278: =+'Rainfall Data'!C277 -> 0 | C278: =IF(B278="nd",0, IF(B278="T",0,B278))+C277 -> 0 | D278: =+YEAR(A278)*1000+MONTH(A278) -> 2015001
... A630: =+'Rainfall Data'!B629 -> 42369 | B630: =+'Rainfall Data'!C629 -> 0 | C630: =IF(B630="nd",0, IF(B630="T",0,B630))+C629 -> 1884 | D630: =+YEAR(A630)*1000+MONTH(A630) -> 2015012
A631: =+'Rainfall Data'!B630 -> 42370 | B631: =+'Rainfall Data'!C630 -> 0 | C631: =IF(B631="nd",0, IF(B631="T",0,B631)) -> 0 | D631: =+YEAR(A631)*1000+MONTH(A631) -> 2016001
A632: =+'Rainfall Data'!B631 -> 42371 | B632: =+'Rainfall Data'!C631 -> 0 | C632: =IF(B632="nd",0, IF(B632="T",0,B632))+C631 -> 0 | D632: =+YEAR(A632)*1000+MONTH(A632) -> 2016001
A633: =+'Rainfall Data'!B632 -> 42372 | B633: =+'Rainfall Data'!C632 -> 0 | C633: =IF(B633="nd",0, IF(B633="T",0,B633))+C632 -> 0 | D633: =+YEAR(A633)*1000+MONTH(A633) -> 2016001
A634: =+'Rainfall Data'!B633 -> 42373 | B634: =+'Rainfall Data'!C633 -> 0 | C634: =IF(B634="nd",0, IF(B634="T",0,B634))+C633 -> 0 | D634: =+YEAR(A634)*1000+MONTH(A634) -> 2016001
A635: =+'Rainfall Data'!B634 -> 42374 | B635: =+'Rainfall Data'!C634 -> 0 | C635: =IF(B635="nd",0, IF(B635="T",0,B635))+C634 -> 0 | D635: =+YEAR(A635)*1000+MONTH(A635) -> 2016001
A636: =+'Rainfall Data'!B635 -> 42375 | B636: =+'Rainfall Data'!C635 -> 0 | C636: =IF(B636="nd",0, IF(B636="T",0,B636))+C635 -> 0 | D636: =+YEAR(A636)*1000+MONTH(A636) -> 2016001
A637: =+'Rainfall Data'!B636 -> 42376 | B637: =+'Rainfall Data'!C636 -> 0 | C637: =IF(B637="nd",0, IF(B637="T",0,B637))+C636 -> 0 | D637: =+YEAR(A637)*1000+MONTH(A637) -> 2016001
A638: =+'Rainfall Data'!B637 -> 42377 | B638: =+'Rainfall Data'!C637 -> 0 | C638: =IF(B638="nd",0, IF(B638="T",0,B638))+C637 -> 0 | D638: =+YEAR(A638)*1000+MONTH(A638) -> 2016001
A639: =+'Rainfall Data'!B638 -> 42378 | B639: =+'Rainfall Data'!C638 -> 0 | C639: =IF(B639="nd",0, IF(B639="T",0,B639))+C638 -> 0 | D639: =+YEAR(A639)*1000+MONTH(A639) -> 2016001
A640: =+'Rainfall Data'!B639 -> 42379 | B640: =+'Rainfall Data'!C639 -> 0 | C640: =IF(B640="nd",0, IF(B640="T",0,B640))+C639 -> 0 | D640: =+YEAR(A640)*1000+MONTH(A640) -> 2016001
A641: =+'Rainfall Data'!B640 -> 42380 | B641: =+'Rainfall Data'!C640 -> 0 | C641: =IF(B641="nd",0, IF(B641="T",0,B641))+C640 -> 0 | D641: =+YEAR(A641)*1000+MONTH(A641) -> 2016001
A642: =+'Rainfall Data'!B641 -> 42381 | B642: =+'Rainfall Data'!C641 -> 0 | C642: =IF(B642="nd",0, IF(B642="T",0,B642))+C641 -> 0 | D642: =+YEAR(A642)*1000+MONTH(A642) -> 2016001
A643: =+'Rainfall Data'!B642 -> 42382 | B643: =+'Rainfall Data'!C642 -> 3.4 | C643: =IF(B643="nd",0, IF(B643="T",0,B643))+C642 -> 3.4 | D643: =+YEAR(A643)*1000+MONTH(A643) -> 2016001
... A903: =+'Rainfall Data'!B902 -> 42642 | B903: =+'Rainfall Data'!C902 -> 13.6 | C903: =IF(B903="nd",0, IF(B903="T",0,B903))+C902 -> 1121.4 | D903: =+YEAR(A903)*1000+MONTH(A903) -> 2016009

Sheet Report Graphs
A1: =+'Rainfall Totals'!B1 & " " & 'Rainfall Totals'!B2 -> SN25 Fadugu Agricultural College
